consulta,motor,rank,doc_id,score,fuente,idioma,url,relevante
españa campeón mundial,BM25,1,116,5.9846,Marca,es,https://www.marca.com/futbol/mundial/2026/07/20/fiesta-grande-jamas-contada-2-millones-calles.html,
españa campeón mundial,Semantico,1,11,0.5958,Marca,es,https://www.marca.com/futbol/mundial/2026/07/15/inglaterra-1-2-argentina-resumen-mundial-2026-video.html,
españa campeón mundial,BM25,2,71,4.7913,Marca,es,https://www.marca.com/futbol/mundial/2026/07/17/detalles-anillo-jugadores-recibiran-ganar-mundial-2026-podras-comprar-video.html,
españa campeón mundial,Semantico,2,90,0.5389,Marca,es,https://www.marca.com/futbol/mundial/2026/07/12/mejores-semifinales-historia-estara-top-4-ranking-fifa-completo-primera-vez.html,
españa campeón mundial,BM25,3,118,4.7913,El Mundo,es,https://www.elmundo.es/deportes/futbol/mundial-de-futbol/2026/07/18/6a5aa7d1fdddff0a098b457f.html,
españa campeón mundial,Semantico,3,66,0.5232,Marca,es,https://www.marca.com/futbol/mundial/2026/07/16/antartida-aficionado-argentino-celebra-clasificacion-gran-final-mundial-video.html,
españa campeón mundial,BM25,4,78,4.7064,Larazon.es,es,https://www.larazon.es/tecnologia-consumo/series/2-opciones-gratis-otra-pago-volver-ver-espana-argentina-final-mundial-2026_202607206a5e0657e9f2e84b5c73772d.html,
españa campeón mundial,Semantico,4,136,0.5232,Marca,es,https://www.marca.com/futbol/seleccion/2026/07/12/test-6-6-mundial-bonus-track-especial-video.html,
españa campeón mundial,BM25,5,144,4.6494,Marca,es,https://www.marca.com/futbol/seleccion/2026/07/21/cantico-argentino-bote-colo-fiesta-mundial-video.html,
españa campeón mundial,Semantico,5,83,0.5211,Marca,es,https://www.marca.com/futbol/mundial/2026/07/16/schweinsteiger-celebra-hinchada-argentina-haberla-eliminado-tres-veces-mundiales-video.html,
polémica arbitral,BM25,1,52,7.3952,El Mundo,es,https://www.elmundo.es/deportes/futbol/mundial-de-futbol/2026/07/14/6a55e1dae85ece692a8b456f.html,
polémica arbitral,Semantico,1,77,0.3932,Xataka.com,es,https://www.xataka.com/magnet/1966-jugador-argentina-fue-expulsado-no-habia-forma-explicarselo-entonces-hay-tarjetas-amarillas-rojas,
polémica arbitral,BM25,2,12,5.7259,Hipertextual,es,https://hipertextual.com/cine-television/la-odisea-revienta-la-taquilla-y-rompe-el-record-historico-de-christopher-nolan/,
polémica arbitral,Semantico,2,24,0.3664,Puromarketing.com,es,https://www.puromarketing.com/13/217351/estrategia-publicitaria-hisense-logra-acaparar-atencion-redes-sociales-durante-mundial-2026,
polémica arbitral,BM25,3,91,4.662,20minutos.es,es,https://www.20minutos.es/deportes/futbol/indignacion-total-noruega-tras-primer-gol-jude-bellingham-se-quejan-un-posible-toque-balon-spidercam_7013579_0.html,
polémica arbitral,Semantico,3,101,0.3564,Marca,es,https://www.marca.com/futbol/mundial/2026/07/29/duro-procedimiento-disciplinario-fifa-incidentes-ocurridos-durante-final-mundial.html,
polémica arbitral,BM25,4,103,4.5953,Marca,es,https://www.marca.com/futbol/mundial/2026/07/15/senadora-paraguaya-celeste-amarilla-viste-colores-espana.html,
polémica arbitral,Semantico,4,259,0.3486,RT,en,https://www.rt.com/news/643628-mirror-of-americas-decline/,
polémica arbitral,BM25,5,325,0.0,Al Jazeera English,en,https://www.aljazeera.com/video/newsfeed/2026/7/15/spain-fans-erupt-as-team-reaches-world-cup-final,
polémica arbitral,Semantico,5,283,0.3478,The-afc.com,en,https://www.the-afc.com/en/more/afc_news.html/news/afc-stands-in-solidarity-with-uefa-and-concacaf-to-protect-the-fifa-world-cup,
lesión jugador,BM25,1,9,6.6263,Marca,es,https://www.marca.com/futbol/mundial/2026/07/10/espana-2-1-belgica-resumen-mundial-2026-video.html,
lesión jugador,Semantico,1,25,0.3972,20minutos.es,es,https://www.20minutos.es/deportes/otra-agresion-argentina-que-no-se-vio-vergonzoso-punetazo-ayala-dani-olmo_7016740_0.html,
lesión jugador,BM25,2,139,4.736,El Mundo,es,https://www.elmundo.es/deportes/futbol/mundial-de-futbol/2026/07/15/6a57a4ecfdddff01518b45aa.html,
lesión jugador,Semantico,2,9,0.3865,Marca,es,https://www.marca.com/futbol/mundial/2026/07/10/espana-2-1-belgica-resumen-mundial-2026-video.html,
lesión jugador,BM25,3,327,0.0,Boredpanda.com,en,https://www.boredpanda.com/donald-trump-boo-football-world-cup-final-2026-trophy-ceremony/,
lesión jugador,Semantico,3,87,0.3333,Marca,es,https://www.marca.com/futbol/mundial/2026/07/15/goles-espana-francia-hicieron-vibrar-suelo-sabadell.html,
lesión jugador,BM25,4,326,0.0,NPR,en,https://www.npr.org/2026/08/06/nx-s1-5923233/infantino-crisis-meeting-fifa,
lesión jugador,Semantico,4,83,0.3253,Marca,es,https://www.marca.com/futbol/mundial/2026/07/16/schweinsteiger-celebra-hinchada-argentina-haberla-eliminado-tres-veces-mundiales-video.html,
lesión jugador,BM25,5,325,0.0,Al Jazeera English,en,https://www.aljazeera.com/video/newsfeed/2026/7/15/spain-fans-erupt-as-team-reaches-world-cup-final,
lesión jugador,Semantico,5,77,0.3226,Xataka.com,es,https://www.xataka.com/magnet/1966-jugador-argentina-fue-expulsado-no-habia-forma-explicarselo-entonces-hay-tarjetas-amarillas-rojas,
amazon documental selección española,BM25,1,0,20.8379,Hipertextual,es,https://hipertextual.com/cine-television/amazon-prime-video-anuncia-documental-seleccion-espanola-mundial-2026-numero-de-episodios-cuando-se-estrena/,
amazon documental selección española,Semantico,1,0,0.6359,Hipertextual,es,https://hipertextual.com/cine-television/amazon-prime-video-anuncia-documental-seleccion-espanola-mundial-2026-numero-de-episodios-cuando-se-estrena/,
amazon documental selección española,BM25,2,72,5.406,Marketingdirecto.com,es,https://www.marketingdirecto.com/anunciantes-general/corte-ingles-lleva-apoyo-seleccion-espanola-times-square-nueva-york-final-mundial,
amazon documental selección española,Semantico,2,167,0.5019,20minutos.es,es,https://www.20minutos.es/deportes/futbol/las-notas-espana-mundial-los-sobresalientes-cubarsi-cucurella-aprobado-raspado-gavi-pedri_7015187_0.html,
amazon documental selección española,BM25,3,131,4.8551,El Mundo,es,https://www.elmundo.es/economia/empresas/2026/07/17/6a5a3f84e85ece78658b45b3.html,
amazon documental selección española,Semantico,3,143,0.4991,Marca,es,https://www.marca.com/futbol/mundial/2026/07/17/seleccion-espanola-comunidades-autonomas-jugador-aporta-espana.html,
amazon documental selección española,BM25,4,67,4.8551,Trendencias.com,es,https://www.trendencias.com/celebrities/lamine-yamal-final-mundial-2026-a-sus-19-anos-no-teneis-que-esperar-nada-mi,
amazon documental selección española,Semantico,4,175,0.4913,Expansion.com,es,https://www.expansion.com/empresas/2026/07/25/6a63aba6e5fdea447e8b45a7.html,
amazon documental selección española,BM25,5,54,4.714,Marca,es,https://www.marca.com/futbol/mundial/2026/07/20/asi-podria-seleccion-tatuaje-prometio-hacerse-marc-cucurella-cara-fuent-video.html,
amazon documental selección española,Semantico,5,147,0.4913,Marca,es,https://www.marca.com/futbol/mundial/2026/07/19/espana-ganar-mundial-mejores-teorias-seremos-campeones-video.html,
argentina final,BM25,1,225,1.7907,BBC News,en,https://www.bbc.co.uk/sport/football/videos/cevlr32zzrno,
argentina final,Semantico,1,66,0.8056,Marca,es,https://www.marca.com/futbol/mundial/2026/07/16/antartida-aficionado-argentino-celebra-clasificacion-gran-final-mundial-video.html,
argentina final,BM25,2,3,1.6422,Xataka.com,es,https://www.xataka.com/basics/como-ver-espana-argentina-fecha-hora-final-mundial-2026-donde-puedes-verlo-cualquier-dispositivo,
argentina final,Semantico,2,51,0.7443,Larazon.es,es,https://www.larazon.es/tecnologia-consumo/series/es-final-argentina-espana-mundial-2026-forma-anime-puro-estilo-blue-lock_202607216a5f9c12e3eb0b64aa4bdfb7.html,
argentina final,BM25,3,30,1.6422,Marca,es,https://www.marca.com/futbol/mundial/album/2026/07/20/mejores-memes-final-mundial-espana-gano-argentina-satira-humor-mala-leche.html,
argentina final,Semantico,3,25,0.6794,20minutos.es,es,https://www.20minutos.es/deportes/otra-agresion-argentina-que-no-se-vio-vergonzoso-punetazo-ayala-dani-olmo_7016740_0.html,
argentina final,BM25,4,44,1.6308,Gizmodo.com,es,https://es.gizmodo.com/argentina-vs-suiza-en-vivo-gratis-donde-ver-el-mundial-2026-desde-cualquier-lugar-2000245410,
argentina final,Semantico,4,151,0.6734,Xataka.com,es,https://www.xataka.com/investigacion/no-hace-falta-terremoto-para-mover-aguja-sismica-gol-espana-basta,
argentina final,BM25,5,191,1.6287,Al Jazeera English,en,https://www.aljazeera.com/sports/2026/7/24/spains-de-la-fuente-slams-argentinas-world-cup-conduct-as-unacceptable,
argentina final,Semantico,5,16,0.6727,Marca,es,https://www.marca.com/futbol/mundial/2026/07/20/ganar-mundial-salvar-futbol.html,
spain world cup champion,BM25,1,1,12.5316,Hipertextual,es,https://hipertextual.com/videojuegos/despiden-empleados-crearon-juego-oficial-mundial-2026-netflix/,
spain world cup champion,Semantico,1,131,0.7313,El Mundo,es,https://www.elmundo.es/economia/empresas/2026/07/17/6a5a3f84e85ece78658b45b3.html,
spain world cup champion,BM25,2,137,12.5316,Marketingdirecto.com,es,https://www.marketingdirecto.com/anunciantes-general/publicaciones/espana-conquista-valor-marca-somos-lideres-finales-world-cup-brand-index-2026,
spain world cup champion,Semantico,2,89,0.7215,Puromarketing.com,es,https://www.puromarketing.com/39/217370/marca-celebra-segunda-estrella-seleccion-espanola-editoriales-especiales-conmemorativos,
spain world cup champion,BM25,3,319,7.7045,Al Jazeera English,en,https://www.aljazeera.com/sports/2026/7/19/spain-argentina-fifa-world-cup-who-will-win-prediction-ex-players,
spain world cup champion,Semantico,3,20,0.7205,Marca,es,https://www.marca.com/apuestas-deportivas/predicciones/2026/07/15/espana-desploma.html,
spain world cup champion,BM25,4,256,7.4619,The FADER,en,https://www.thefader.com/2026/07/16/how-to-watch-fifa-world-cup-2026-final-halftime-show-madonna-justin-bieber-shakira-burna-boy-bts,
spain world cup champion,Semantico,4,167,0.7199,20minutos.es,es,https://www.20minutos.es/deportes/futbol/las-notas-espana-mundial-los-sobresalientes-cubarsi-cucurella-aprobado-raspado-gavi-pedri_7015187_0.html,
spain world cup champion,BM25,5,190,7.3085,Sky Sports,en,https://www.skysports.com/football/news/11095/13563675/world-cup-2026-data-analysis-record-goals-bigger-fifa-ranking-gaps-older-starting-xis-travel-heat-penalties-substitutes-and-how-spain-won-it,
spain world cup champion,Semantico,5,69,0.712,20minutos.es,es,https://www.20minutos.es/deportes/espana-lleva-goles-mundial-revivelos-elige-cual-mejor-todos_7016121_0.html,
controversy referee decision,BM25,1,310,8.9779,Al Jazeera English,en,https://www.aljazeera.com/sports/2026/7/14/fifa-world-cup-meet-ismail-elfath-referee-for-england-argentina-semifinal,
controversy referee decision,Semantico,1,246,0.477,BBC News,en,https://www.bbc.co.uk/sport/football/videos/c3dyj7j48v9o,
controversy referee decision,BM25,2,291,8.4882,Al Jazeera English,en,https://www.aljazeera.com/sports/2026/7/13/fifa-world-cup-five-biggest-controversies-of-the-2026-tournament,
controversy referee decision,Semantico,2,101,0.4209,Marca,es,https://www.marca.com/futbol/mundial/2026/07/29/duro-procedimiento-disciplinario-fifa-incidentes-ocurridos-durante-final-mundial.html,
controversy referee decision,BM25,3,187,5.7451,Al Jazeera English,en,https://www.aljazeera.com/video/newsfeed/2026/7/17/world-cup-2026-what-did-we-learn,
controversy referee decision,Semantico,3,191,0.3663,Al Jazeera English,en,https://www.aljazeera.com/sports/2026/7/24/spains-de-la-fuente-slams-argentinas-world-cup-conduct-as-unacceptable,
controversy referee decision,BM25,4,221,4.8012,Al Jazeera English,en,https://www.aljazeera.com/sports/2026/7/20/a-tournament-of-contradictions-what-did-we-learn-at-world-cup-2026,
controversy referee decision,Semantico,4,310,0.3625,Al Jazeera English,en,https://www.aljazeera.com/sports/2026/7/14/fifa-world-cup-meet-ismail-elfath-referee-for-england-argentina-semifinal,
controversy referee decision,BM25,5,328,0.0,Mental Floss,en,https://www.mentalfloss.com/history/history-norway-viking-row-soccer,
controversy referee decision,Semantico,5,114,0.3548,Marca,es,https://www.marca.com/futbol/mundial/2026/07/13/secretos-estadio-semifinal-cesped-estara-preparado-juego-rapido.html,
player injury world cup,BM25,1,137,12.5316,Marketingdirecto.com,es,https://www.marketingdirecto.com/anunciantes-general/publicaciones/espana-conquista-valor-marca-somos-lideres-finales-world-cup-brand-index-2026,
player injury world cup,Semantico,1,313,0.5289,Al Jazeera English,en,https://www.aljazeera.com/sports/2026/7/21/who-scored-the-most-goals-kept-clean-sheets-made-assists-fifa-world-cup-yellow-cards-saves,
player injury world cup,BM25,2,1,12.5316,Hipertextual,es,https://hipertextual.com/videojuegos/despiden-empleados-crearon-juego-oficial-mundial-2026-netflix/,
player injury world cup,Semantico,2,139,0.5122,El Mundo,es,https://www.elmundo.es/deportes/futbol/mundial-de-futbol/2026/07/15/6a57a4ecfdddff01518b45aa.html,
player injury world cup,BM25,3,327,0.0,Boredpanda.com,en,https://www.boredpanda.com/donald-trump-boo-football-world-cup-final-2026-trophy-ceremony/,
player injury world cup,Semantico,3,259,0.4922,RT,en,https://www.rt.com/news/643628-mirror-of-americas-decline/,
player injury world cup,BM25,4,326,0.0,NPR,en,https://www.npr.org/2026/08/06/nx-s1-5923233/infantino-crisis-meeting-fifa,
player injury world cup,Semantico,4,176,0.4807,Marca,es,https://www.marca.com/futbol/seleccion/2026/07/14/oyarzabal-vuela-altura-butragueno-villa.html,
player injury world cup,BM25,5,325,0.0,Al Jazeera English,en,https://www.aljazeera.com/video/newsfeed/2026/7/15/spain-fans-erupt-as-team-reaches-world-cup-final,
player injury world cup,Semantico,5,90,0.4756,Marca,es,https://www.marca.com/futbol/mundial/2026/07/12/mejores-semifinales-historia-estara-top-4-ranking-fifa-completo-primera-vez.html,
fifa organización torneo,BM25,1,117,5.778,Marca,es,https://www.marca.com/futbol/mundial/2026/07/21/cubarsi-laporte-fuera-xi-ideal-mundial-2026.html,
fifa organización torneo,Semantico,1,101,0.6139,Marca,es,https://www.marca.com/futbol/mundial/2026/07/29/duro-procedimiento-disciplinario-fifa-incidentes-ocurridos-durante-final-mundial.html,
fifa organización torneo,BM25,2,53,3.982,BBC News,es,https://www.bbc.com/mundo/articles/cly92wy3re4o,
fifa organización torneo,Semantico,2,158,0.5991,Vida Extra,es,https://www.vidaextra.com/deportes/ea-sports-ha-vuelto-a-hacer-al-adivinar-quinta-vez-consecutiva-cual-seria-seleccion-que-ganaria-mundial-futbol-2026,
fifa organización torneo,BM25,3,22,3.9234,BBC News,es,https://www.bbc.com/mundo/articles/cd7lx5rr51go,
fifa organización torneo,Semantico,3,117,0.5941,Marca,es,https://www.marca.com/futbol/mundial/2026/07/21/cubarsi-laporte-fuera-xi-ideal-mundial-2026.html,
fifa organización torneo,BM25,4,33,3.9234,Merca20.com,es,https://www.merca20.com/despues-del-mundial-2026-como-las-marcas-convierten-los-momentos-del-torneo-en-historias-de-innovacion/,
fifa organización torneo,Semantico,4,283,0.5709,The-afc.com,en,https://www.the-afc.com/en/more/afc_news.html/news/afc-stands-in-solidarity-with-uefa-and-concacaf-to-protect-the-fifa-world-cup,
fifa organización torneo,BM25,5,45,3.8665,Gizmodo.com,es,https://es.gizmodo.com/argentina-vs-espana-en-vivo-gratis-donde-ver-la-final-del-mundial-2026-desde-cualquier-lugar-2000246501,
fifa organización torneo,Semantico,5,53,0.5564,BBC News,es,https://www.bbc.com/mundo/articles/cly92wy3re4o,
estadio sede partido,BM25,1,62,5.8135,Marca,es,https://www.marca.com/futbol/mundial/2026/07/17/lagrimas-arbitro-slavko-vincic-conocer-pitara-final-espana-vs-argentina-mundial-video.html,
estadio sede partido,Semantico,1,114,0.6419,Marca,es,https://www.marca.com/futbol/mundial/2026/07/13/secretos-estadio-semifinal-cesped-estara-preparado-juego-rapido.html,
estadio sede partido,BM25,2,154,5.1632,Marketingdirecto.com,es,https://www.marketingdirecto.com/anunciantes-general/del-estadio-calle-asi-conquistado-mundial-marcas-moda,
estadio sede partido,Semantico,2,35,0.5437,El Mundo,es,https://www.elmundo.es/deportes/futbol/mundial-de-futbol/2026/07/20/6a5d4ed1e4d4d88d6c8b457a.html,
estadio sede partido,BM25,3,170,5.0952,Marca,es,https://www.marca.com/futbol/seleccion/2026/07/29/luis-fuente-conquistar-mundial-seguiremos-intentando-cosas-igual-bien-video.html,
estadio sede partido,Semantico,3,144,0.5122,Marca,es,https://www.marca.com/futbol/seleccion/2026/07/21/cantico-argentino-bote-colo-fiesta-mundial-video.html,
estadio sede partido,BM25,4,19,3.8492,Creativosonline.org,es,https://www.creativosonline.org/el-branding-se-juega-en-los-estadios-y-en-las-redes-las-marcas-se-adaptan-a-un-nuevo-escenario.html,
estadio sede partido,Semantico,4,47,0.4508,Gizmodo.com,es,https://es.gizmodo.com/argentina-vs-inglaterra-en-vivo-gratis-donde-ver-la-semifinal-del-mundial-2026-desde-cualquier-lugar-2000245959,
estadio sede partido,BM25,5,48,3.7965,Gizmodo.com,es,https://es.gizmodo.com/francia-vs-espana-en-vivo-donde-ver-gratis-la-semifinal-del-mundial-2026-desde-cualquier-lugar-2000245955,
estadio sede partido,Semantico,5,278,0.45,Abcnews.com,en,https://abcnews.com/video/134884586/,
